{
  "1.0": {
    "precision": 0.8888888888888888,
    "recall": 0.8888888888888888,
    "f1-score": 0.8888888888888888,
    "support": 9.0
  },
  "2.0": {
    "precision": 1.0,
    "recall": 0.875,
    "f1-score": 0.9333333333333333,
    "support": 8.0
  },
  "3.0": {
    "precision": 0.9,
    "recall": 0.75,
    "f1-score": 0.8181818181818182,
    "support": 12.0
  },
  "4.0": {
    "precision": 0.85,
    "recall": 1.0,
    "f1-score": 0.918918918918919,
    "support": 17.0
  },
  "accuracy": 0.8913043478260869,
  "macro avg": {
    "precision": 0.9097222222222222,
    "recall": 0.8784722222222222,
    "f1-score": 0.8898307398307398,
    "support": 46.0
  },
  "weighted avg": {
    "precision": 0.8967391304347826,
    "recall": 0.8913043478260869,
    "f1-score": 0.8892710892710893,
    "support": 46.0
  }
}