{
  "1.0": {
    "precision": 0.8,
    "recall": 0.8888888888888888,
    "f1-score": 0.8421052631578947,
    "support": 9.0
  },
  "2.0": {
    "precision": 0.7777777777777778,
    "recall": 0.875,
    "f1-score": 0.8235294117647058,
    "support": 8.0
  },
  "3.0": {
    "precision": 0.9090909090909091,
    "recall": 0.8333333333333334,
    "f1-score": 0.8695652173913043,
    "support": 12.0
  },
  "4.0": {
    "precision": 0.9375,
    "recall": 0.8823529411764706,
    "f1-score": 0.9090909090909091,
    "support": 17.0
  },
  "accuracy": 0.8695652173913043,
  "macro avg": {
    "precision": 0.8560921717171718,
    "recall": 0.8698937908496732,
    "f1-score": 0.8610727003512035,
    "support": 46.0
  },
  "weighted avg": {
    "precision": 0.8754089811155028,
    "recall": 0.8695652173913043,
    "f1-score": 0.8707937114299957,
    "support": 46.0
  }
}