{
  "1.0": {
    "precision": 0.7272727272727273,
    "recall": 0.8888888888888888,
    "f1-score": 0.8,
    "support": 9.0
  },
  "2.0": {
    "precision": 0.8571428571428571,
    "recall": 0.75,
    "f1-score": 0.8,
    "support": 8.0
  },
  "3.0": {
    "precision": 0.9,
    "recall": 0.75,
    "f1-score": 0.8181818181818182,
    "support": 12.0
  },
  "4.0": {
    "precision": 0.8888888888888888,
    "recall": 0.9411764705882353,
    "f1-score": 0.9142857142857143,
    "support": 17.0
  },
  "accuracy": 0.8478260869565217,
  "macro avg": {
    "precision": 0.8433261183261183,
    "recall": 0.832516339869281,
    "f1-score": 0.8331168831168831,
    "support": 46.0
  },
  "weighted avg": {
    "precision": 0.854645837254533,
    "recall": 0.8478260869565217,
    "f1-score": 0.8469791078486731,
    "support": 46.0
  }
}